{
  "start_time": "2026-01-20T20:52:40.914746",
  "camera_index": 0,
  "confidence": 0.5,
  "config": {
    "frame": {
      "width": 640,
      "height": 480,
      "resize_factor": 1.0
    },
    "face_detection": {
      "min_detection_confidence": 0.5,
      "model_selection": 0
    },
    "landmark_detection": {
      "static_image_mode": false,
      "max_num_faces": 1,
      "min_detection_confidence": 0.5,
      "min_tracking_confidence": 0.5
    },
    "ear": {
      "threshold": 0.2,
      "blink_threshold": 0.15,
      "frame_buffer": 3
    },
    "mar": {
      "threshold": 0.6,
      "yawn_duration": 10
    },
    "fatigue": {
      "window_size": 150,
      "perclos_mild": 0.25,
      "perclos_severe": 0.5,
      "yawn_threshold": 4,
      "continuous_blink": 8,
      "max_closed_frames": 25
    },
    "visualization": {
      "show_landmarks": true,
      "show_ear": true,
      "show_mar": true,
      "show_perclos": true,
      "colors": {
        "normal": [
          0,
          255,
          0
        ],
        "mild": [
          0,
          255,
          255
        ],
        "severe": [
          0,
          0,
          255
        ],
        "bbox": [
          255,
          0,
          0
        ],
        "landmark": [
          0,
          255,
          255
        ],
        "text": [
          255,
          255,
          255
        ]
      },
      "text": {
        "font": 0,
        "scale": 0.5,
        "thickness": 1,
        "line_type": 16
      }
    },
    "logging": {
      "enabled": true,
      "level": "INFO",
      "file": "fatigue_detection.log"
    }
  },
  "results": [
    {
      "frame_count": 0,
      "timestamp": 1768913561.59535,
      "fatigue_state": "Normal",
      "ear": 0.24110303712702785,
      "mar": 0.013236419749589242,
      "perclos": 0.0,
      "fps": 0,
      "recording": false,
      "face_detected": true,
      "alarm_active": false,
      "blink_count": 0,
      "yawn_count": 0
    },
    {
      "frame_count": 1,
      "timestamp": 1768913561.6817372,
      "fatigue_state": "Normal",
      "ear": 0.2676371014281739,
      "mar": 0.01494834680999492,
      "perclos": 0.0,
      "fps": 0,
      "recording": false,
      "face_detected": true,
      "alarm_active": false,
      "blink_count": 0,
      "yawn_count": 0
    },
    {
      "frame_count": 2,
      "timestamp": 1768913561.7110708,
      "fatigue_state": "Normal",
      "ear": 0.2676371014281739,
      "mar": 0.01494834680999492,
      "perclos": 0.0,
      "fps": 0,
      "recording": false,
      "face_detected": true,
      "alarm_active": false,
      "blink_count": 0,
      "yawn_count": 0
    },
    {
      "frame_count": 3,
      "timestamp": 1768913561.7417521,
      "fatigue_state": "Normal",
      "ear": 0.2676371014281739,
      "mar": 0.01494834680999492,
      "perclos": 0.0,
      "fps": 0,
      "recording": false,
      "face_detected": true,
      "alarm_active": false,
      "blink_count": 0,
      "yawn_count": 0
    },
    {
      "frame_count": 4,
      "timestamp": 1768913561.77133,
      "fatigue_state": "Normal",
      "ear": 0.25649420229910813,
      "mar": 0.012853300440068221,
      "perclos": 0.0,
      "fps": 0,
      "recording": false,
      "face_detected": true,
      "alarm_active": false,
      "blink_count": 0,
      "yawn_count": 0
    },
    {
      "frame_count": 5,
      "timestamp": 1768913561.8005836,
      "fatigue_state": "Normal",
      "ear": 0.25649420229910813,
      "mar": 0.012853300440068221,
      "perclos": 0.0,
      "fps": 0,
      "recording": false,
      "face_detected": true,
      "alarm_active": false,
      "blink_count": 0,
      "yawn_count": 0
    },
    {
      "frame_count": 6,
      "timestamp": 1768913561.828587,
      "fatigue_state": "Normal",
      "ear": 0.25649420229910813,
      "mar": 0.012853300440068221,
      "perclos": 0.0,
      "fps": 0,
      "recording": false,
      "face_detected": true,
      "alarm_active": false,
      "blink_count": 0,
      "yawn_count": 0
    },
    {
      "frame_count": 7,
      "timestamp": 1768913561.8554378,
      "fatigue_state": "Normal",
      "ear": 0.27256371285265213,
      "mar": 0.012425505475577045,
      "perclos": 0.0,
      "fps": 0,
      "recording": false,
      "face_detected": true,
      "alarm_active": false,
      "blink_count": 0,
      "yawn_count": 0
    },
    {
      "frame_count": 8,
      "timestamp": 1768913561.8846333,
      "fatigue_state": "Normal",
      "ear": 0.27256371285265213,
      "mar": 0.012425505475577045,
      "perclos": 0.0,
      "fps": 0,
      "recording": false,
      "face_detected": true,
      "alarm_active": false,
      "blink_count": 0,
      "yawn_count": 0
    },
    {
      "frame_count": 9,
      "timestamp": 1768913561.9204407,
      "fatigue_state": "Normal",
      "ear": 0.25976864964936225,
      "mar": 0.009119214968590982,
      "perclos": 0.0,
      "fps": 0,
      "recording": false,
      "face_detected": true,
      "alarm_active": false,
      "blink_count": 0,
      "yawn_count": 0
    },
    {
      "frame_count": 10,
      "timestamp": 1768913561.9505932,
      "fatigue_state": "Normal",
      "ear": 0.25976864964936225,
      "mar": 0.009119214968590982,
      "perclos": 0.0,
      "fps": 0,
      "recording": false,
      "face_detected": true,
      "alarm_active": false,
      "blink_count": 0,
      "yawn_count": 0
    },
    {
      "frame_count": 11,
      "timestamp": 1768913561.9801338,
      "fatigue_state": "Normal",
      "ear": 0.25976864964936225,
      "mar": 0.009119214968590982,
      "perclos": 0.0,
      "fps": 0,
      "recording": false,
      "face_detected": true,
      "alarm_active": false,
      "blink_count": 0,
      "yawn_count": 0
    },
    {
      "frame_count": 12,
      "timestamp": 1768913562.010576,
      "fatigue_state": "Normal",
      "ear": 0.27722944413284156,
      "mar": 0.010468478342215233,
      "perclos": 0.0,
      "fps": 0,
      "recording": false,
      "face_detected": true,
      "alarm_active": false,
      "blink_count": 0,
      "yawn_count": 0
    },
    {
      "frame_count": 13,
      "timestamp": 1768913562.0395968,
      "fatigue_state": "Normal",
      "ear": 0.27722944413284156,
      "mar": 0.010468478342215233,
      "perclos": 0.0,
      "fps": 0,
      "recording": false,
      "face_detected": true,
      "alarm_active": false,
      "blink_count": 0,
      "yawn_count": 0
    },
    {
      "frame_count": 14,
      "timestamp": 1768913562.0685892,
      "fatigue_state": "Normal",
      "ear": 0.26365144486765735,
      "mar": 0.010582126553133153,
      "perclos": 0.0,
      "fps": 0,
      "recording": false,
      "face_detected": true,
      "alarm_active": false,
      "blink_count": 0,
      "yawn_count": 0
    },
    {
      "frame_count": 15,
      "timestamp": 1768913562.0985882,
      "fatigue_state": "Normal",
      "ear": 0.26365144486765735,
      "mar": 0.010582126553133153,
      "perclos": 0.0,
      "fps": 0,
      "recording": false,
      "face_detected": true,
      "alarm_active": false,
      "blink_count": 0,
      "yawn_count": 0
    },
    {
      "frame_count": 16,
      "timestamp": 1768913562.1292856,
      "fatigue_state": "Normal",
      "ear": 0.2499018411688193,
      "mar": 0.0109219701771452,
      "perclos": 0.0,
      "fps": 0,
      "recording": false,
      "face_detected": true,
      "alarm_active": false,
      "blink_count": 0,
      "yawn_count": 0
    },
    {
      "frame_count": 17,
      "timestamp": 1768913562.1584702,
      "fatigue_state": "Normal",
      "ear": 0.2499018411688193,
      "mar": 0.0109219701771452,
      "perclos": 0.0,
      "fps": 0,
      "recording": false,
      "face_detected": true,
      "alarm_active": false,
      "blink_count": 0,
      "yawn_count": 0
    },
    {
      "frame_count": 18,
      "timestamp": 1768913562.2073371,
      "fatigue_state": "Normal",
      "ear": 0.26945720576419796,
      "mar": 0.013141108136534827,
      "perclos": 0.0,
      "fps": 0,
      "recording": false,
      "face_detected": true,
      "alarm_active": false,
      "blink_count": 0,
      "yawn_count": 0
    },
    {
      "frame_count": 19,
      "timestamp": 1768913562.236903,
      "fatigue_state": "Normal",
      "ear": 0.26945720576419796,
      "mar": 0.013141108136534827,
      "perclos": 0.0,
      "fps": 0,
      "recording": false,
      "face_detected": true,
      "alarm_active": false,
      "blink_count": 0,
      "yawn_count": 0
    },
    {
      "frame_count": 20,
      "timestamp": 1768913562.2721763,
      "fatigue_state": "Normal",
      "ear": 0.2503174442900367,
      "mar": 0.019831747066708608,
      "perclos": 0.0,
      "fps": 0,
      "recording": false,
      "face_detected": true,
      "alarm_active": false,
      "blink_count": 0,
      "yawn_count": 0
    },
    {
      "frame_count": 21,
      "timestamp": 1768913562.3015118,
      "fatigue_state": "Normal",
      "ear": 0.2503174442900367,
      "mar": 0.019831747066708608,
      "perclos": 0.0,
      "fps": 0,
      "recording": false,
      "face_detected": true,
      "alarm_active": false,
      "blink_count": 0,
      "yawn_count": 0
    },
    {
      "frame_count": 22,
      "timestamp": 1768913562.3309548,
      "fatigue_state": "Normal",
      "ear": 0.2503174442900367,
      "mar": 0.019831747066708608,
      "perclos": 0.0,
      "fps": 0,
      "recording": false,
      "face_detected": true,
      "alarm_active": false,
      "blink_count": 0,
      "yawn_count": 0
    },
    {
      "frame_count": 23,
      "timestamp": 1768913562.3594832,
      "fatigue_state": "Normal",
      "ear": 0.2705283156859581,
      "mar": 0.016780433807355655,
      "perclos": 0.0,
      "fps": 0,
      "recording": false,
      "face_detected": true,
      "alarm_active": false,
      "blink_count": 0,
      "yawn_count": 0
    },
    {
      "frame_count": 24,
      "timestamp": 1768913562.3877504,
      "fatigue_state": "Normal",
      "ear": 0.2705283156859581,
      "mar": 0.016780433807355655,
      "perclos": 0.0,
      "fps": 0,
      "recording": false,
      "face_detected": true,
      "alarm_active": false,
      "blink_count": 0,
      "yawn_count": 0
    },
    {
      "frame_count": 25,
      "timestamp": 1768913562.416327,
      "fatigue_state": "Normal",
      "ear": 0.28359363754216027,
      "mar": 0.013784910201544471,
      "perclos": 0.0,
      "fps": 0,
      "recording": false,
      "face_detected": true,
      "alarm_active": false,
      "blink_count": 0,
      "yawn_count": 0
    },
    {
      "frame_count": 26,
      "timestamp": 1768913562.4482758,
      "fatigue_state": "Normal",
      "ear": 0.26902040094227764,
      "mar": 0.01617191392534443,
      "perclos": 0.0,
      "fps": 0,
      "recording": false,
      "face_detected": true,
      "alarm_active": false,
      "blink_count": 0,
      "yawn_count": 0
    },
    {
      "frame_count": 27,
      "timestamp": 1768913562.4754455,
      "fatigue_state": "Normal",
      "ear": 0.26902040094227764,
      "mar": 0.01617191392534443,
      "perclos": 0.0,
      "fps": 0,
      "recording": false,
      "face_detected": true,
      "alarm_active": false,
      "blink_count": 0,
      "yawn_count": 0
    },
    {
      "frame_count": 28,
      "timestamp": 1768913562.5130794,
      "fatigue_state": "Normal",
      "ear": 0.2762806780171486,
      "mar": 0.015998258488691647,
      "perclos": 0.0,
      "fps": 0,
      "recording": false,
      "face_detected": true,
      "alarm_active": false,
      "blink_count": 0,
      "yawn_count": 0
    },
    {
      "frame_count": 29,
      "timestamp": 1768913562.5419729,
      "fatigue_state": "Normal",
      "ear": 0.2762806780171486,
      "mar": 0.015998258488691647,
      "perclos": 0.0,
      "fps": 0,
      "recording": false,
      "face_detected": true,
      "alarm_active": false,
      "blink_count": 0,
      "yawn_count": 0
    },
    {
      "frame_count": 30,
      "timestamp": 1768913562.5766284,
      "fatigue_state": "Normal",
      "ear": 0.2675153119899115,
      "mar": 0.015825001711288048,
      "perclos": 0.0,
      "fps": 18.2900148292169,
      "recording": false,
      "face_detected": true,
      "alarm_active": false,
      "blink_count": 0,
      "yawn_count": 0
    },
    {
      "frame_count": 31,
      "timestamp": 1768913562.6037848,
      "fatigue_state": "Normal",
      "ear": 0.2675153119899115,
      "mar": 0.015825001711288048,
      "perclos": 0.0,
      "fps": 18.2900148292169,
      "recording": false,
      "face_detected": true,
      "alarm_active": false,
      "blink_count": 0,
      "yawn_count": 0
    },
    {
      "frame_count": 32,
      "timestamp": 1768913562.6406085,
      "fatigue_state": "Normal",
      "ear": 0.2741551580529349,
      "mar": 0.012382682401956968,
      "perclos": 0.0,
      "fps": 18.2900148292169,
      "recording": false,
      "face_detected": true,
      "alarm_active": false,
      "blink_count": 0,
      "yawn_count": 0
    },
    {
      "frame_count": 33,
      "timestamp": 1768913562.6689754,
      "fatigue_state": "Normal",
      "ear": 0.2741551580529349,
      "mar": 0.012382682401956968,
      "perclos": 0.0,
      "fps": 18.2900148292169,
      "recording": false,
      "face_detected": true,
      "alarm_active": false,
      "blink_count": 0,
      "yawn_count": 0
    },
    {
      "frame_count": 34,
      "timestamp": 1768913562.6968496,
      "fatigue_state": "Normal",
      "ear": 0.2620232335336963,
      "mar": 0.010015112892443959,
      "perclos": 0.0,
      "fps": 18.2900148292169,
      "recording": false,
      "face_detected": true,
      "alarm_active": false,
      "blink_count": 0,
      "yawn_count": 0
    },
    {
      "frame_count": 35,
      "timestamp": 1768913562.7250485,
      "fatigue_state": "Normal",
      "ear": 0.2620232335336963,
      "mar": 0.010015112892443959,
      "perclos": 0.0,
      "fps": 18.2900148292169,
      "recording": false,
      "face_detected": true,
      "alarm_active": false,
      "blink_count": 0,
      "yawn_count": 0
    },
    {
      "frame_count": 36,
      "timestamp": 1768913562.753698,
      "fatigue_state": "Normal",
      "ear": 0.26691377939844263,
      "mar": 0.0030608101776418172,
      "perclos": 0.0,
      "fps": 18.2900148292169,
      "recording": false,
      "face_detected": true,
      "alarm_active": false,
      "blink_count": 0,
      "yawn_count": 0
    },
    {
      "frame_count": 37,
      "timestamp": 1768913562.816197,
      "fatigue_state": "Normal",
      "ear": 0.2578037681258574,
      "mar": 0.005765796040107352,
      "perclos": 0.0,
      "fps": 18.2900148292169,
      "recording": false,
      "face_detected": true,
      "alarm_active": false,
      "blink_count": 0,
      "yawn_count": 0
    },
    {
      "frame_count": 38,
      "timestamp": 1768913562.8442526,
      "fatigue_state": "Normal",
      "ear": 0.2578037681258574,
      "mar": 0.005765796040107352,
      "perclos": 0.0,
      "fps": 18.2900148292169,
      "recording": false,
      "face_detected": true,
      "alarm_active": false,
      "blink_count": 0,
      "yawn_count": 0
    },
    {
      "frame_count": 39,
      "timestamp": 1768913562.8814044,
      "fatigue_state": "Normal",
      "ear": 0.2601645171733029,
      "mar": 0.0061850476647359355,
      "perclos": 0.0,
      "fps": 18.2900148292169,
      "recording": false,
      "face_detected": true,
      "alarm_active": false,
      "blink_count": 0,
      "yawn_count": 0
    },
    {
      "frame_count": 40,
      "timestamp": 1768913562.9119503,
      "fatigue_state": "Normal",
      "ear": 0.2601645171733029,
      "mar": 0.0061850476647359355,
      "perclos": 0.0,
      "fps": 18.2900148292169,
      "recording": false,
      "face_detected": true,
      "alarm_active": false,
      "blink_count": 0,
      "yawn_count": 0
    },
    {
      "frame_count": 41,
      "timestamp": 1768913562.94123,
      "fatigue_state": "Normal",
      "ear": 0.2742004417636623,
      "mar": 0.010679172740573313,
      "perclos": 0.0,
      "fps": 18.2900148292169,
      "recording": false,
      "face_detected": true,
      "alarm_active": false,
      "blink_count": 0,
      "yawn_count": 0
    }
  ],
  "end_time": "2026-01-20T20:52:43.195800",
  "total_frames": 42,
  "statistics": {
    "normal_count": 0,
    "mild_count": 0,
    "severe_count": 0,
    "total_fatigue_frames": 0,
    "avg_fps": 18.290014829216897,
    "avg_ear": 0.26450126555823444,
    "avg_mar": 0.012484428856154663
  }
}