{
  "start_time": "2026-01-20T20:52:31.544533",
  "camera_index": 0,
  "confidence": 0.5,
  "config": {
    "frame": {
      "width": 640,
      "height": 480,
      "resize_factor": 1.0
    },
    "face_detection": {
      "min_detection_confidence": 0.5,
      "model_selection": 0
    },
    "landmark_detection": {
      "static_image_mode": false,
      "max_num_faces": 1,
      "min_detection_confidence": 0.5,
      "min_tracking_confidence": 0.5
    },
    "ear": {
      "threshold": 0.2,
      "blink_threshold": 0.15,
      "frame_buffer": 3
    },
    "mar": {
      "threshold": 0.6,
      "yawn_duration": 10
    },
    "fatigue": {
      "window_size": 150,
      "perclos_mild": 0.25,
      "perclos_severe": 0.5,
      "yawn_threshold": 4,
      "continuous_blink": 8,
      "max_closed_frames": 25
    },
    "visualization": {
      "show_landmarks": true,
      "show_ear": true,
      "show_mar": true,
      "show_perclos": true,
      "colors": {
        "normal": [
          0,
          255,
          0
        ],
        "mild": [
          0,
          255,
          255
        ],
        "severe": [
          0,
          0,
          255
        ],
        "bbox": [
          255,
          0,
          0
        ],
        "landmark": [
          0,
          255,
          255
        ],
        "text": [
          255,
          255,
          255
        ]
      },
      "text": {
        "font": 0,
        "scale": 0.5,
        "thickness": 1,
        "line_type": 16
      }
    },
    "logging": {
      "enabled": true,
      "level": "INFO",
      "file": "fatigue_detection.log"
    }
  },
  "results": [
    {
      "frame_count": 0,
      "timestamp": 1768913552.2894714,
      "fatigue_state": "Normal",
      "ear": 0.3112050975403846,
      "mar": 0.01567270244058882,
      "perclos": 0.0,
      "fps": 0,
      "recording": false,
      "face_detected": true,
      "alarm_active": false,
      "blink_count": 0,
      "yawn_count": 0
    },
    {
      "frame_count": 1,
      "timestamp": 1768913552.3710043,
      "fatigue_state": "未知",
      "ear": 0.0,
      "mar": 0.0,
      "perclos": 0.0,
      "fps": 0,
      "recording": false,
      "face_detected": false,
      "alarm_active": false
    },
    {
      "frame_count": 2,
      "timestamp": 1768913552.3905602,
      "fatigue_state": "未知",
      "ear": 0.0,
      "mar": 0.0,
      "perclos": 0.0,
      "fps": 0,
      "recording": false,
      "face_detected": false,
      "alarm_active": false
    },
    {
      "frame_count": 3,
      "timestamp": 1768913552.4111545,
      "fatigue_state": "未知",
      "ear": 0.0,
      "mar": 0.0,
      "perclos": 0.0,
      "fps": 0,
      "recording": false,
      "face_detected": false,
      "alarm_active": false
    },
    {
      "frame_count": 4,
      "timestamp": 1768913552.4310308,
      "fatigue_state": "Normal",
      "ear": 0.2960072740306642,
      "mar": 0.016181008473338556,
      "perclos": 0.0,
      "fps": 0,
      "recording": false,
      "face_detected": true,
      "alarm_active": false,
      "blink_count": 0,
      "yawn_count": 0
    },
    {
      "frame_count": 5,
      "timestamp": 1768913552.4613175,
      "fatigue_state": "Normal",
      "ear": 0.2960072740306642,
      "mar": 0.016181008473338556,
      "perclos": 0.0,
      "fps": 0,
      "recording": false,
      "face_detected": true,
      "alarm_active": false,
      "blink_count": 0,
      "yawn_count": 0
    },
    {
      "frame_count": 6,
      "timestamp": 1768913552.489003,
      "fatigue_state": "Normal",
      "ear": 0.2960072740306642,
      "mar": 0.016181008473338556,
      "perclos": 0.0,
      "fps": 0,
      "recording": false,
      "face_detected": true,
      "alarm_active": false,
      "blink_count": 0,
      "yawn_count": 0
    },
    {
      "frame_count": 7,
      "timestamp": 1768913552.5168936,
      "fatigue_state": "Normal",
      "ear": 0.2824463942232666,
      "mar": 0.01375460097890436,
      "perclos": 0.0,
      "fps": 0,
      "recording": false,
      "face_detected": true,
      "alarm_active": false,
      "blink_count": 0,
      "yawn_count": 0
    },
    {
      "frame_count": 8,
      "timestamp": 1768913552.5447273,
      "fatigue_state": "Normal",
      "ear": 0.2891428894931386,
      "mar": 0.018378118889516126,
      "perclos": 0.0,
      "fps": 0,
      "recording": false,
      "face_detected": true,
      "alarm_active": false,
      "blink_count": 0,
      "yawn_count": 0
    },
    {
      "frame_count": 9,
      "timestamp": 1768913552.5720606,
      "fatigue_state": "Normal",
      "ear": 0.2891428894931386,
      "mar": 0.018378118889516126,
      "perclos": 0.0,
      "fps": 0,
      "recording": false,
      "face_detected": true,
      "alarm_active": false,
      "blink_count": 0,
      "yawn_count": 0
    },
    {
      "frame_count": 10,
      "timestamp": 1768913552.6102889,
      "fatigue_state": "Normal",
      "ear": 0.2719152067318532,
      "mar": 0.01643727556343716,
      "perclos": 0.0,
      "fps": 0,
      "recording": false,
      "face_detected": true,
      "alarm_active": false,
      "blink_count": 0,
      "yawn_count": 0
    },
    {
      "frame_count": 11,
      "timestamp": 1768913552.6387146,
      "fatigue_state": "Normal",
      "ear": 0.2719152067318532,
      "mar": 0.01643727556343716,
      "perclos": 0.0,
      "fps": 0,
      "recording": false,
      "face_detected": true,
      "alarm_active": false,
      "blink_count": 0,
      "yawn_count": 0
    },
    {
      "frame_count": 12,
      "timestamp": 1768913552.6677113,
      "fatigue_state": "Normal",
      "ear": 0.28806520930634777,
      "mar": 0.05199099650890825,
      "perclos": 0.0,
      "fps": 0,
      "recording": false,
      "face_detected": true,
      "alarm_active": false,
      "blink_count": 0,
      "yawn_count": 0
    },
    {
      "frame_count": 13,
      "timestamp": 1768913552.6956036,
      "fatigue_state": "Normal",
      "ear": 0.28806520930634777,
      "mar": 0.05199099650890825,
      "perclos": 0.0,
      "fps": 0,
      "recording": false,
      "face_detected": true,
      "alarm_active": false,
      "blink_count": 0,
      "yawn_count": 0
    },
    {
      "frame_count": 14,
      "timestamp": 1768913552.7235043,
      "fatigue_state": "Normal",
      "ear": 0.2450105820049071,
      "mar": 0.010140402428440115,
      "perclos": 0.0,
      "fps": 0,
      "recording": false,
      "face_detected": true,
      "alarm_active": false,
      "blink_count": 0,
      "yawn_count": 0
    },
    {
      "frame_count": 15,
      "timestamp": 1768913552.7861109,
      "fatigue_state": "Normal",
      "ear": 0.2600242826114616,
      "mar": 0.01567895013116437,
      "perclos": 0.0,
      "fps": 0,
      "recording": false,
      "face_detected": true,
      "alarm_active": false,
      "blink_count": 0,
      "yawn_count": 0
    },
    {
      "frame_count": 16,
      "timestamp": 1768913552.8152597,
      "fatigue_state": "Normal",
      "ear": 0.2600242826114616,
      "mar": 0.01567895013116437,
      "perclos": 0.0,
      "fps": 0,
      "recording": false,
      "face_detected": true,
      "alarm_active": false,
      "blink_count": 0,
      "yawn_count": 0
    },
    {
      "frame_count": 17,
      "timestamp": 1768913552.849536,
      "fatigue_state": "Normal",
      "ear": 0.25139932184095287,
      "mar": 0.0,
      "perclos": 0.0,
      "fps": 0,
      "recording": false,
      "face_detected": true,
      "alarm_active": false,
      "blink_count": 0,
      "yawn_count": 0
    },
    {
      "frame_count": 18,
      "timestamp": 1768913552.8775656,
      "fatigue_state": "Normal",
      "ear": 0.25139932184095287,
      "mar": 0.0,
      "perclos": 0.0,
      "fps": 0,
      "recording": false,
      "face_detected": true,
      "alarm_active": false,
      "blink_count": 0,
      "yawn_count": 0
    },
    {
      "frame_count": 19,
      "timestamp": 1768913552.904886,
      "fatigue_state": "Normal",
      "ear": 0.2616249286004687,
      "mar": 0.012075134594692803,
      "perclos": 0.0,
      "fps": 0,
      "recording": false,
      "face_detected": true,
      "alarm_active": false,
      "blink_count": 0,
      "yawn_count": 0
    },
    {
      "frame_count": 20,
      "timestamp": 1768913552.9356613,
      "fatigue_state": "Normal",
      "ear": 0.2616249286004687,
      "mar": 0.012075134594692803,
      "perclos": 0.0,
      "fps": 0,
      "recording": false,
      "face_detected": true,
      "alarm_active": false,
      "blink_count": 0,
      "yawn_count": 0
    },
    {
      "frame_count": 21,
      "timestamp": 1768913552.9655669,
      "fatigue_state": "Normal",
      "ear": 0.25172903555662723,
      "mar": 0.0098977680493417,
      "perclos": 0.0,
      "fps": 0,
      "recording": false,
      "face_detected": true,
      "alarm_active": false,
      "blink_count": 0,
      "yawn_count": 0
    },
    {
      "frame_count": 22,
      "timestamp": 1768913552.9939365,
      "fatigue_state": "Normal",
      "ear": 0.25172903555662723,
      "mar": 0.0098977680493417,
      "perclos": 0.0,
      "fps": 0,
      "recording": false,
      "face_detected": true,
      "alarm_active": false,
      "blink_count": 0,
      "yawn_count": 0
    },
    {
      "frame_count": 23,
      "timestamp": 1768913553.026849,
      "fatigue_state": "Normal",
      "ear": 0.2655110359334132,
      "mar": 0.011055968657876546,
      "perclos": 0.0,
      "fps": 0,
      "recording": false,
      "face_detected": true,
      "alarm_active": false,
      "blink_count": 0,
      "yawn_count": 0
    },
    {
      "frame_count": 24,
      "timestamp": 1768913553.0570047,
      "fatigue_state": "Normal",
      "ear": 0.2655110359334132,
      "mar": 0.011055968657876546,
      "perclos": 0.0,
      "fps": 0,
      "recording": false,
      "face_detected": true,
      "alarm_active": false,
      "blink_count": 0,
      "yawn_count": 0
    },
    {
      "frame_count": 25,
      "timestamp": 1768913553.0902438,
      "fatigue_state": "Normal",
      "ear": 0.2557647658496107,
      "mar": 0.014021827379587204,
      "perclos": 0.0,
      "fps": 0,
      "recording": false,
      "face_detected": true,
      "alarm_active": false,
      "blink_count": 0,
      "yawn_count": 0
    },
    {
      "frame_count": 26,
      "timestamp": 1768913553.1390505,
      "fatigue_state": "Normal",
      "ear": 0.2515036655552414,
      "mar": 0.013134606789982314,
      "perclos": 0.0,
      "fps": 0,
      "recording": false,
      "face_detected": true,
      "alarm_active": false,
      "blink_count": 0,
      "yawn_count": 0
    },
    {
      "frame_count": 27,
      "timestamp": 1768913553.1693423,
      "fatigue_state": "Normal",
      "ear": 0.2515036655552414,
      "mar": 0.013134606789982314,
      "perclos": 0.0,
      "fps": 0,
      "recording": false,
      "face_detected": true,
      "alarm_active": false,
      "blink_count": 0,
      "yawn_count": 0
    },
    {
      "frame_count": 28,
      "timestamp": 1768913553.2017794,
      "fatigue_state": "Normal",
      "ear": 0.24641232686958325,
      "mar": 0.008511755727244016,
      "perclos": 0.0,
      "fps": 0,
      "recording": false,
      "face_detected": true,
      "alarm_active": false,
      "blink_count": 0,
      "yawn_count": 0
    },
    {
      "frame_count": 29,
      "timestamp": 1768913553.2311227,
      "fatigue_state": "Normal",
      "ear": 0.24641232686958325,
      "mar": 0.008511755727244016,
      "perclos": 0.0,
      "fps": 0,
      "recording": false,
      "face_detected": true,
      "alarm_active": false,
      "blink_count": 0,
      "yawn_count": 0
    },
    {
      "frame_count": 30,
      "timestamp": 1768913553.2669117,
      "fatigue_state": "Normal",
      "ear": 0.2723823088739712,
      "mar": 0.011743862387816134,
      "perclos": 0.0,
      "fps": 17.641377711085685,
      "recording": false,
      "face_detected": true,
      "alarm_active": false,
      "blink_count": 0,
      "yawn_count": 0
    },
    {
      "frame_count": 31,
      "timestamp": 1768913553.2969983,
      "fatigue_state": "Normal",
      "ear": 0.2723823088739712,
      "mar": 0.011743862387816134,
      "perclos": 0.0,
      "fps": 17.641377711085685,
      "recording": false,
      "face_detected": true,
      "alarm_active": false,
      "blink_count": 0,
      "yawn_count": 0
    },
    {
      "frame_count": 32,
      "timestamp": 1768913553.3313427,
      "fatigue_state": "Normal",
      "ear": 0.2718172447272338,
      "mar": 0.014416654639053538,
      "perclos": 0.0,
      "fps": 17.641377711085685,
      "recording": false,
      "face_detected": true,
      "alarm_active": false,
      "blink_count": 0,
      "yawn_count": 0
    },
    {
      "frame_count": 33,
      "timestamp": 1768913553.3615456,
      "fatigue_state": "Normal",
      "ear": 0.2718172447272338,
      "mar": 0.014416654639053538,
      "perclos": 0.0,
      "fps": 17.641377711085685,
      "recording": false,
      "face_detected": true,
      "alarm_active": false,
      "blink_count": 0,
      "yawn_count": 0
    },
    {
      "frame_count": 34,
      "timestamp": 1768913553.3910232,
      "fatigue_state": "Normal",
      "ear": 0.2704370709789242,
      "mar": 0.020686904383870216,
      "perclos": 0.0,
      "fps": 17.641377711085685,
      "recording": false,
      "face_detected": true,
      "alarm_active": false,
      "blink_count": 0,
      "yawn_count": 0
    },
    {
      "frame_count": 35,
      "timestamp": 1768913553.4198616,
      "fatigue_state": "Normal",
      "ear": 0.2704370709789242,
      "mar": 0.020686904383870216,
      "perclos": 0.0,
      "fps": 17.641377711085685,
      "recording": false,
      "face_detected": true,
      "alarm_active": false,
      "blink_count": 0,
      "yawn_count": 0
    },
    {
      "frame_count": 36,
      "timestamp": 1768913553.4483225,
      "fatigue_state": "Normal",
      "ear": 0.27786214020622235,
      "mar": 0.01895653682966302,
      "perclos": 0.0,
      "fps": 17.641377711085685,
      "recording": false,
      "face_detected": true,
      "alarm_active": false,
      "blink_count": 0,
      "yawn_count": 0
    },
    {
      "frame_count": 37,
      "timestamp": 1768913553.506778,
      "fatigue_state": "Normal",
      "ear": 0.2645097608635512,
      "mar": 0.008328418633557128,
      "perclos": 0.0,
      "fps": 17.641377711085685,
      "recording": false,
      "face_detected": true,
      "alarm_active": false,
      "blink_count": 0,
      "yawn_count": 0
    },
    {
      "frame_count": 38,
      "timestamp": 1768913553.5347025,
      "fatigue_state": "Normal",
      "ear": 0.2645097608635512,
      "mar": 0.008328418633557128,
      "perclos": 0.0,
      "fps": 17.641377711085685,
      "recording": false,
      "face_detected": true,
      "alarm_active": false,
      "blink_count": 0,
      "yawn_count": 0
    },
    {
      "frame_count": 39,
      "timestamp": 1768913553.570081,
      "fatigue_state": "Normal",
      "ear": 0.26686830213215273,
      "mar": 0.0028466124160452058,
      "perclos": 0.0,
      "fps": 17.641377711085685,
      "recording": false,
      "face_detected": true,
      "alarm_active": false,
      "blink_count": 0,
      "yawn_count": 0
    },
    {
      "frame_count": 40,
      "timestamp": 1768913553.6008909,
      "fatigue_state": "Normal",
      "ear": 0.26686830213215273,
      "mar": 0.0028466124160452058,
      "perclos": 0.0,
      "fps": 17.641377711085685,
      "recording": false,
      "face_detected": true,
      "alarm_active": false,
      "blink_count": 0,
      "yawn_count": 0
    },
    {
      "frame_count": 41,
      "timestamp": 1768913553.6301646,
      "fatigue_state": "Normal",
      "ear": 0.27062877194957413,
      "mar": 0.01249877935849522,
      "perclos": 0.0,
      "fps": 17.641377711085685,
      "recording": false,
      "face_detected": true,
      "alarm_active": false,
      "blink_count": 0,
      "yawn_count": 0
    },
    {
      "frame_count": 42,
      "timestamp": 1768913553.659596,
      "fatigue_state": "Normal",
      "ear": 0.27062877194957413,
      "mar": 0.01249877935849522,
      "perclos": 0.0,
      "fps": 17.641377711085685,
      "recording": false,
      "face_detected": true,
      "alarm_active": false,
      "blink_count": 0,
      "yawn_count": 0
    },
    {
      "frame_count": 43,
      "timestamp": 1768913553.6883967,
      "fatigue_state": "Normal",
      "ear": 0.25766081105105526,
      "mar": 0.01763604444415439,
      "perclos": 0.0,
      "fps": 17.641377711085685,
      "recording": false,
      "face_detected": true,
      "alarm_active": false,
      "blink_count": 0,
      "yawn_count": 0
    },
    {
      "frame_count": 44,
      "timestamp": 1768913553.746398,
      "fatigue_state": "Normal",
      "ear": 0.25585157760970734,
      "mar": 0.008468192794933469,
      "perclos": 0.0,
      "fps": 17.641377711085685,
      "recording": false,
      "face_detected": true,
      "alarm_active": false,
      "blink_count": 0,
      "yawn_count": 0
    },
    {
      "frame_count": 45,
      "timestamp": 1768913553.7756052,
      "fatigue_state": "Normal",
      "ear": 0.25585157760970734,
      "mar": 0.008468192794933469,
      "perclos": 0.0,
      "fps": 17.641377711085685,
      "recording": false,
      "face_detected": true,
      "alarm_active": false,
      "blink_count": 0,
      "yawn_count": 0
    },
    {
      "frame_count": 46,
      "timestamp": 1768913553.8103511,
      "fatigue_state": "Normal",
      "ear": 0.26545425268543726,
      "mar": 0.01079385570779112,
      "perclos": 0.0,
      "fps": 17.641377711085685,
      "recording": false,
      "face_detected": true,
      "alarm_active": false,
      "blink_count": 0,
      "yawn_count": 0
    },
    {
      "frame_count": 47,
      "timestamp": 1768913553.8383753,
      "fatigue_state": "Normal",
      "ear": 0.26545425268543726,
      "mar": 0.01079385570779112,
      "perclos": 0.0,
      "fps": 17.641377711085685,
      "recording": false,
      "face_detected": true,
      "alarm_active": false,
      "blink_count": 0,
      "yawn_count": 0
    },
    {
      "frame_count": 48,
      "timestamp": 1768913553.8679597,
      "fatigue_state": "Normal",
      "ear": 0.25312873467373687,
      "mar": 0.012767633590866023,
      "perclos": 0.0,
      "fps": 17.641377711085685,
      "recording": false,
      "face_detected": true,
      "alarm_active": false,
      "blink_count": 0,
      "yawn_count": 0
    },
    {
      "frame_count": 49,
      "timestamp": 1768913553.8973951,
      "fatigue_state": "Normal",
      "ear": 0.25312873467373687,
      "mar": 0.012767633590866023,
      "perclos": 0.0,
      "fps": 17.641377711085685,
      "recording": false,
      "face_detected": true,
      "alarm_active": false,
      "blink_count": 0,
      "yawn_count": 0
    },
    {
      "frame_count": 50,
      "timestamp": 1768913553.9286044,
      "fatigue_state": "Normal",
      "ear": 0.25874660325723,
      "mar": 0.009007546901084998,
      "perclos": 0.0,
      "fps": 17.641377711085685,
      "recording": false,
      "face_detected": true,
      "alarm_active": false,
      "blink_count": 0,
      "yawn_count": 0
    },
    {
      "frame_count": 51,
      "timestamp": 1768913553.9852757,
      "fatigue_state": "Normal",
      "ear": 0.24568139071584028,
      "mar": 0.013036090542339215,
      "perclos": 0.0,
      "fps": 17.641377711085685,
      "recording": false,
      "face_detected": true,
      "alarm_active": false,
      "blink_count": 0,
      "yawn_count": 0
    },
    {
      "frame_count": 52,
      "timestamp": 1768913554.01308,
      "fatigue_state": "Normal",
      "ear": 0.24568139071584028,
      "mar": 0.013036090542339215,
      "perclos": 0.0,
      "fps": 17.641377711085685,
      "recording": false,
      "face_detected": true,
      "alarm_active": false,
      "blink_count": 0,
      "yawn_count": 0
    },
    {
      "frame_count": 53,
      "timestamp": 1768913554.0498219,
      "fatigue_state": "Normal",
      "ear": 0.25752941821752473,
      "mar": 0.017003731804428185,
      "perclos": 0.0,
      "fps": 17.641377711085685,
      "recording": false,
      "face_detected": true,
      "alarm_active": false,
      "blink_count": 0,
      "yawn_count": 0
    },
    {
      "frame_count": 54,
      "timestamp": 1768913554.0784664,
      "fatigue_state": "Normal",
      "ear": 0.25752941821752473,
      "mar": 0.017003731804428185,
      "perclos": 0.0,
      "fps": 17.641377711085685,
      "recording": false,
      "face_detected": true,
      "alarm_active": false,
      "blink_count": 0,
      "yawn_count": 0
    },
    {
      "frame_count": 55,
      "timestamp": 1768913554.1066842,
      "fatigue_state": "Normal",
      "ear": 0.2431004078418683,
      "mar": 0.011553650092341848,
      "perclos": 0.0,
      "fps": 17.641377711085685,
      "recording": false,
      "face_detected": true,
      "alarm_active": false,
      "blink_count": 0,
      "yawn_count": 0
    },
    {
      "frame_count": 56,
      "timestamp": 1768913554.1327295,
      "fatigue_state": "Normal",
      "ear": 0.2431004078418683,
      "mar": 0.011553650092341848,
      "perclos": 0.0,
      "fps": 17.641377711085685,
      "recording": false,
      "face_detected": true,
      "alarm_active": false,
      "blink_count": 0,
      "yawn_count": 0
    },
    {
      "frame_count": 57,
      "timestamp": 1768913554.1632688,
      "fatigue_state": "Normal",
      "ear": 0.27159669618016297,
      "mar": 0.011406410571275269,
      "perclos": 0.0,
      "fps": 17.641377711085685,
      "recording": false,
      "face_detected": true,
      "alarm_active": false,
      "blink_count": 0,
      "yawn_count": 0
    },
    {
      "frame_count": 58,
      "timestamp": 1768913554.1914985,
      "fatigue_state": "Normal",
      "ear": 0.27159669618016297,
      "mar": 0.011406410571275269,
      "perclos": 0.0,
      "fps": 17.641377711085685,
      "recording": false,
      "face_detected": true,
      "alarm_active": false,
      "blink_count": 0,
      "yawn_count": 0
    },
    {
      "frame_count": 59,
      "timestamp": 1768913554.2254605,
      "fatigue_state": "Normal",
      "ear": 0.25769737625501576,
      "mar": 0.017714145356159013,
      "perclos": 0.0,
      "fps": 17.641377711085685,
      "recording": false,
      "face_detected": true,
      "alarm_active": false,
      "blink_count": 0,
      "yawn_count": 0
    },
    {
      "frame_count": 60,
      "timestamp": 1768913554.2585623,
      "fatigue_state": "Normal",
      "ear": 0.25769737625501576,
      "mar": 0.017714145356159013,
      "perclos": 0.0,
      "fps": 22.25463509562636,
      "recording": false,
      "face_detected": true,
      "alarm_active": false,
      "blink_count": 0,
      "yawn_count": 0
    },
    {
      "frame_count": 61,
      "timestamp": 1768913554.2895324,
      "fatigue_state": "Normal",
      "ear": 0.2455418164370801,
      "mar": 0.009908641218555229,
      "perclos": 0.0,
      "fps": 22.25463509562636,
      "recording": false,
      "face_detected": true,
      "alarm_active": false,
      "blink_count": 0,
      "yawn_count": 0
    },
    {
      "frame_count": 62,
      "timestamp": 1768913554.338694,
      "fatigue_state": "Normal",
      "ear": 0.255098683826087,
      "mar": 0.012433157081973227,
      "perclos": 0.0,
      "fps": 22.25463509562636,
      "recording": false,
      "face_detected": true,
      "alarm_active": false,
      "blink_count": 0,
      "yawn_count": 0
    },
    {
      "frame_count": 63,
      "timestamp": 1768913554.368923,
      "fatigue_state": "Normal",
      "ear": 0.255098683826087,
      "mar": 0.012433157081973227,
      "perclos": 0.0,
      "fps": 22.25463509562636,
      "recording": false,
      "face_detected": true,
      "alarm_active": false,
      "blink_count": 0,
      "yawn_count": 0
    },
    {
      "frame_count": 64,
      "timestamp": 1768913554.4029891,
      "fatigue_state": "Normal",
      "ear": 0.24040531220065353,
      "mar": 0.012098989948276968,
      "perclos": 0.0,
      "fps": 22.25463509562636,
      "recording": false,
      "face_detected": true,
      "alarm_active": false,
      "blink_count": 0,
      "yawn_count": 0
    },
    {
      "frame_count": 65,
      "timestamp": 1768913554.4321089,
      "fatigue_state": "Normal",
      "ear": 0.24040531220065353,
      "mar": 0.012098989948276968,
      "perclos": 0.0,
      "fps": 22.25463509562636,
      "recording": false,
      "face_detected": true,
      "alarm_active": false,
      "blink_count": 0,
      "yawn_count": 0
    },
    {
      "frame_count": 66,
      "timestamp": 1768913554.4666228,
      "fatigue_state": "Normal",
      "ear": 0.25808865318737395,
      "mar": 0.014811404750554643,
      "perclos": 0.0,
      "fps": 22.25463509562636,
      "recording": false,
      "face_detected": true,
      "alarm_active": false,
      "blink_count": 0,
      "yawn_count": 0
    },
    {
      "frame_count": 67,
      "timestamp": 1768913554.4960759,
      "fatigue_state": "Normal",
      "ear": 0.25808865318737395,
      "mar": 0.014811404750554643,
      "perclos": 0.0,
      "fps": 22.25463509562636,
      "recording": false,
      "face_detected": true,
      "alarm_active": false,
      "blink_count": 0,
      "yawn_count": 0
    },
    {
      "frame_count": 68,
      "timestamp": 1768913554.5303338,
      "fatigue_state": "Normal",
      "ear": 0.23907756220127419,
      "mar": 0.010193498964573243,
      "perclos": 0.0,
      "fps": 22.25463509562636,
      "recording": false,
      "face_detected": true,
      "alarm_active": false,
      "blink_count": 0,
      "yawn_count": 0
    },
    {
      "frame_count": 69,
      "timestamp": 1768913554.5581517,
      "fatigue_state": "Normal",
      "ear": 0.23907756220127419,
      "mar": 0.010193498964573243,
      "perclos": 0.0,
      "fps": 22.25463509562636,
      "recording": false,
      "face_detected": true,
      "alarm_active": false,
      "blink_count": 0,
      "yawn_count": 0
    },
    {
      "frame_count": 70,
      "timestamp": 1768913554.5873787,
      "fatigue_state": "Normal",
      "ear": 0.243896793290465,
      "mar": 0.005854940373308564,
      "perclos": 0.0,
      "fps": 22.25463509562636,
      "recording": false,
      "face_detected": true,
      "alarm_active": false,
      "blink_count": 0,
      "yawn_count": 0
    },
    {
      "frame_count": 71,
      "timestamp": 1768913554.617135,
      "fatigue_state": "Normal",
      "ear": 0.243896793290465,
      "mar": 0.005854940373308564,
      "perclos": 0.0,
      "fps": 22.25463509562636,
      "recording": false,
      "face_detected": true,
      "alarm_active": false,
      "blink_count": 0,
      "yawn_count": 0
    },
    {
      "frame_count": 72,
      "timestamp": 1768913554.6470046,
      "fatigue_state": "Normal",
      "ear": 0.2500644923642329,
      "mar": 0.007129674661848389,
      "perclos": 0.0,
      "fps": 22.25463509562636,
      "recording": false,
      "face_detected": true,
      "alarm_active": false,
      "blink_count": 0,
      "yawn_count": 0
    },
    {
      "frame_count": 73,
      "timestamp": 1768913554.706375,
      "fatigue_state": "Normal",
      "ear": 0.2394228719258446,
      "mar": 0.020347238002045007,
      "perclos": 0.0,
      "fps": 22.25463509562636,
      "recording": false,
      "face_detected": true,
      "alarm_active": false,
      "blink_count": 0,
      "yawn_count": 0
    },
    {
      "frame_count": 74,
      "timestamp": 1768913554.736316,
      "fatigue_state": "Normal",
      "ear": 0.2394228719258446,
      "mar": 0.020347238002045007,
      "perclos": 0.0,
      "fps": 22.25463509562636,
      "recording": false,
      "face_detected": true,
      "alarm_active": false,
      "blink_count": 0,
      "yawn_count": 0
    },
    {
      "frame_count": 75,
      "timestamp": 1768913554.7704446,
      "fatigue_state": "Normal",
      "ear": 0.24656017621149756,
      "mar": 0.011743862387816132,
      "perclos": 0.0,
      "fps": 22.25463509562636,
      "recording": false,
      "face_detected": true,
      "alarm_active": false,
      "blink_count": 0,
      "yawn_count": 0
    },
    {
      "frame_count": 76,
      "timestamp": 1768913554.799585,
      "fatigue_state": "Normal",
      "ear": 0.24656017621149756,
      "mar": 0.011743862387816132,
      "perclos": 0.0,
      "fps": 22.25463509562636,
      "recording": false,
      "face_detected": true,
      "alarm_active": false,
      "blink_count": 0,
      "yawn_count": 0
    },
    {
      "frame_count": 77,
      "timestamp": 1768913554.8278973,
      "fatigue_state": "Normal",
      "ear": 0.26239253654583417,
      "mar": 0.015519133336842348,
      "perclos": 0.0,
      "fps": 22.25463509562636,
      "recording": false,
      "face_detected": true,
      "alarm_active": false,
      "blink_count": 0,
      "yawn_count": 0
    },
    {
      "frame_count": 78,
      "timestamp": 1768913554.8575609,
      "fatigue_state": "Normal",
      "ear": 0.26239253654583417,
      "mar": 0.015519133336842348,
      "perclos": 0.0,
      "fps": 22.25463509562636,
      "recording": false,
      "face_detected": true,
      "alarm_active": false,
      "blink_count": 0,
      "yawn_count": 0
    },
    {
      "frame_count": 79,
      "timestamp": 1768913554.8867898,
      "fatigue_state": "Normal",
      "ear": 0.2704061739996479,
      "mar": 0.01229936928978128,
      "perclos": 0.0,
      "fps": 22.25463509562636,
      "recording": false,
      "face_detected": true,
      "alarm_active": false,
      "blink_count": 0,
      "yawn_count": 0
    },
    {
      "frame_count": 80,
      "timestamp": 1768913554.9461668,
      "fatigue_state": "Normal",
      "ear": 0.26772169523875566,
      "mar": 0.015479282549025608,
      "perclos": 0.0,
      "fps": 22.25463509562636,
      "recording": false,
      "face_detected": true,
      "alarm_active": false,
      "blink_count": 0,
      "yawn_count": 0
    },
    {
      "frame_count": 81,
      "timestamp": 1768913554.9762259,
      "fatigue_state": "Normal",
      "ear": 0.26772169523875566,
      "mar": 0.015479282549025608,
      "perclos": 0.0,
      "fps": 22.25463509562636,
      "recording": false,
      "face_detected": true,
      "alarm_active": false,
      "blink_count": 0,
      "yawn_count": 0
    },
    {
      "frame_count": 82,
      "timestamp": 1768913555.0108182,
      "fatigue_state": "Normal",
      "ear": 0.26977379756842534,
      "mar": 0.014545302639165812,
      "perclos": 0.0,
      "fps": 22.25463509562636,
      "recording": false,
      "face_detected": true,
      "alarm_active": false,
      "blink_count": 0,
      "yawn_count": 0
    },
    {
      "frame_count": 83,
      "timestamp": 1768913555.0381658,
      "fatigue_state": "Normal",
      "ear": 0.26977379756842534,
      "mar": 0.014545302639165812,
      "perclos": 0.0,
      "fps": 22.25463509562636,
      "recording": false,
      "face_detected": true,
      "alarm_active": false,
      "blink_count": 0,
      "yawn_count": 0
    },
    {
      "frame_count": 84,
      "timestamp": 1768913555.0682368,
      "fatigue_state": "Normal",
      "ear": 0.28721685361290195,
      "mar": 0.010462175289976238,
      "perclos": 0.0,
      "fps": 22.25463509562636,
      "recording": false,
      "face_detected": true,
      "alarm_active": false,
      "blink_count": 0,
      "yawn_count": 0
    },
    {
      "frame_count": 85,
      "timestamp": 1768913555.0975192,
      "fatigue_state": "Normal",
      "ear": 0.28721685361290195,
      "mar": 0.010462175289976238,
      "perclos": 0.0,
      "fps": 22.25463509562636,
      "recording": false,
      "face_detected": true,
      "alarm_active": false,
      "blink_count": 0,
      "yawn_count": 0
    },
    {
      "frame_count": 86,
      "timestamp": 1768913555.1274116,
      "fatigue_state": "Normal",
      "ear": 0.2684174467430729,
      "mar": 0.01385504249851141,
      "perclos": 0.0,
      "fps": 22.25463509562636,
      "recording": false,
      "face_detected": true,
      "alarm_active": false,
      "blink_count": 0,
      "yawn_count": 0
    },
    {
      "frame_count": 87,
      "timestamp": 1768913555.1862707,
      "fatigue_state": "Normal",
      "ear": 0.2674745506537711,
      "mar": 0.018745958652298386,
      "perclos": 0.0,
      "fps": 22.25463509562636,
      "recording": false,
      "face_detected": true,
      "alarm_active": false,
      "blink_count": 0,
      "yawn_count": 0
    },
    {
      "frame_count": 88,
      "timestamp": 1768913555.215998,
      "fatigue_state": "Normal",
      "ear": 0.2674745506537711,
      "mar": 0.018745958652298386,
      "perclos": 0.0,
      "fps": 22.25463509562636,
      "recording": false,
      "face_detected": true,
      "alarm_active": false,
      "blink_count": 0,
      "yawn_count": 0
    },
    {
      "frame_count": 89,
      "timestamp": 1768913555.251112,
      "fatigue_state": "Normal",
      "ear": 0.2479297407618782,
      "mar": 0.008849557443809226,
      "perclos": 0.0,
      "fps": 22.25463509562636,
      "recording": false,
      "face_detected": true,
      "alarm_active": false,
      "blink_count": 0,
      "yawn_count": 0
    },
    {
      "frame_count": 90,
      "timestamp": 1768913555.2887292,
      "fatigue_state": "Normal",
      "ear": 0.2479297407618782,
      "mar": 0.008849557443809226,
      "perclos": 0.0,
      "fps": 24.153315407880616,
      "recording": false,
      "face_detected": true,
      "alarm_active": false,
      "blink_count": 0,
      "yawn_count": 0
    },
    {
      "frame_count": 91,
      "timestamp": 1768913555.3187494,
      "fatigue_state": "Normal",
      "ear": 0.2875863291091556,
      "mar": 0.012555048912334922,
      "perclos": 0.0,
      "fps": 24.153315407880616,
      "recording": false,
      "face_detected": true,
      "alarm_active": false,
      "blink_count": 0,
      "yawn_count": 0
    },
    {
      "frame_count": 92,
      "timestamp": 1768913555.3488576,
      "fatigue_state": "Normal",
      "ear": 0.2875863291091556,
      "mar": 0.012555048912334922,
      "perclos": 0.0,
      "fps": 24.153315407880616,
      "recording": false,
      "face_detected": true,
      "alarm_active": false,
      "blink_count": 0,
      "yawn_count": 0
    },
    {
      "frame_count": 93,
      "timestamp": 1768913555.3762145,
      "fatigue_state": "Normal",
      "ear": 0.2833150055896402,
      "mar": 0.01426493562222095,
      "perclos": 0.0,
      "fps": 24.153315407880616,
      "recording": false,
      "face_detected": true,
      "alarm_active": false,
      "blink_count": 0,
      "yawn_count": 0
    },
    {
      "frame_count": 94,
      "timestamp": 1768913555.4057875,
      "fatigue_state": "Normal",
      "ear": 0.2833150055896402,
      "mar": 0.01426493562222095,
      "perclos": 0.0,
      "fps": 24.153315407880616,
      "recording": false,
      "face_detected": true,
      "alarm_active": false,
      "blink_count": 0,
      "yawn_count": 0
    },
    {
      "frame_count": 95,
      "timestamp": 1768913555.4339983,
      "fatigue_state": "Normal",
      "ear": 0.28926023490770203,
      "mar": 0.011026659878702992,
      "perclos": 0.0,
      "fps": 24.153315407880616,
      "recording": false,
      "face_detected": true,
      "alarm_active": false,
      "blink_count": 0,
      "yawn_count": 0
    },
    {
      "frame_count": 96,
      "timestamp": 1768913555.4618905,
      "fatigue_state": "Normal",
      "ear": 0.28926023490770203,
      "mar": 0.011026659878702992,
      "perclos": 0.0,
      "fps": 24.153315407880616,
      "recording": false,
      "face_detected": true,
      "alarm_active": false,
      "blink_count": 0,
      "yawn_count": 0
    },
    {
      "frame_count": 97,
      "timestamp": 1768913555.4915063,
      "fatigue_state": "Normal",
      "ear": 0.27493157349691655,
      "mar": 0.014135076456127329,
      "perclos": 0.0,
      "fps": 24.153315407880616,
      "recording": false,
      "face_detected": true,
      "alarm_active": false,
      "blink_count": 0,
      "yawn_count": 0
    },
    {
      "frame_count": 98,
      "timestamp": 1768913555.53747,
      "fatigue_state": "Normal",
      "ear": 0.2933600139979232,
      "mar": 0.014841620535596851,
      "perclos": 0.0,
      "fps": 24.153315407880616,
      "recording": false,
      "face_detected": true,
      "alarm_active": false,
      "blink_count": 0,
      "yawn_count": 0
    },
    {
      "frame_count": 99,
      "timestamp": 1768913555.5673563,
      "fatigue_state": "Normal",
      "ear": 0.2933600139979232,
      "mar": 0.014841620535596851,
      "perclos": 0.0,
      "fps": 24.153315407880616,
      "recording": false,
      "face_detected": true,
      "alarm_active": false,
      "blink_count": 0,
      "yawn_count": 0
    },
    {
      "frame_count": 100,
      "timestamp": 1768913555.6029954,
      "fatigue_state": "Normal",
      "ear": 0.2827482733387928,
      "mar": 0.01201336619707321,
      "perclos": 0.0,
      "fps": 24.153315407880616,
      "recording": false,
      "face_detected": true,
      "alarm_active": false,
      "blink_count": 0,
      "yawn_count": 0
    },
    {
      "frame_count": 101,
      "timestamp": 1768913555.6297512,
      "fatigue_state": "Normal",
      "ear": 0.2827482733387928,
      "mar": 0.01201336619707321,
      "perclos": 0.0,
      "fps": 24.153315407880616,
      "recording": false,
      "face_detected": true,
      "alarm_active": false,
      "blink_count": 0,
      "yawn_count": 0
    },
    {
      "frame_count": 102,
      "timestamp": 1768913555.6654046,
      "fatigue_state": "Normal",
      "ear": 0.2931156967731585,
      "mar": 0.01248391769830137,
      "perclos": 0.0,
      "fps": 24.153315407880616,
      "recording": false,
      "face_detected": true,
      "alarm_active": false,
      "blink_count": 0,
      "yawn_count": 0
    },
    {
      "frame_count": 103,
      "timestamp": 1768913555.6936295,
      "fatigue_state": "Normal",
      "ear": 0.2931156967731585,
      "mar": 0.01248391769830137,
      "perclos": 0.0,
      "fps": 24.153315407880616,
      "recording": false,
      "face_detected": true,
      "alarm_active": false,
      "blink_count": 0,
      "yawn_count": 0
    },
    {
      "frame_count": 104,
      "timestamp": 1768913555.728263,
      "fatigue_state": "Normal",
      "ear": 0.28223129640682243,
      "mar": 0.014494945715203189,
      "perclos": 0.0,
      "fps": 24.153315407880616,
      "recording": false,
      "face_detected": true,
      "alarm_active": false,
      "blink_count": 0,
      "yawn_count": 0
    },
    {
      "frame_count": 105,
      "timestamp": 1768913555.7565687,
      "fatigue_state": "Normal",
      "ear": 0.28223129640682243,
      "mar": 0.014494945715203189,
      "perclos": 0.0,
      "fps": 24.153315407880616,
      "recording": false,
      "face_detected": true,
      "alarm_active": false,
      "blink_count": 0,
      "yawn_count": 0
    },
    {
      "frame_count": 106,
      "timestamp": 1768913555.7843735,
      "fatigue_state": "Normal",
      "ear": 0.26102412039039613,
      "mar": 0.008486469491136295,
      "perclos": 0.0,
      "fps": 24.153315407880616,
      "recording": false,
      "face_detected": true,
      "alarm_active": false,
      "blink_count": 0,
      "yawn_count": 0
    },
    {
      "frame_count": 107,
      "timestamp": 1768913555.8138032,
      "fatigue_state": "Normal",
      "ear": 0.26102412039039613,
      "mar": 0.008486469491136295,
      "perclos": 0.0,
      "fps": 24.153315407880616,
      "recording": false,
      "face_detected": true,
      "alarm_active": false,
      "blink_count": 0,
      "yawn_count": 0
    },
    {
      "frame_count": 108,
      "timestamp": 1768913555.8426125,
      "fatigue_state": "Normal",
      "ear": 0.27045714372617463,
      "mar": 0.020370020907601958,
      "perclos": 0.0,
      "fps": 24.153315407880616,
      "recording": false,
      "face_detected": true,
      "alarm_active": false,
      "blink_count": 0,
      "yawn_count": 0
    },
    {
      "frame_count": 109,
      "timestamp": 1768913555.904496,
      "fatigue_state": "Normal",
      "ear": 0.24057899279370615,
      "mar": 0.011743862387816132,
      "perclos": 0.0,
      "fps": 24.153315407880616,
      "recording": false,
      "face_detected": true,
      "alarm_active": false,
      "blink_count": 0,
      "yawn_count": 0
    },
    {
      "frame_count": 110,
      "timestamp": 1768913555.9390328,
      "fatigue_state": "Normal",
      "ear": 0.24057899279370615,
      "mar": 0.011743862387816132,
      "perclos": 0.0,
      "fps": 24.153315407880616,
      "recording": false,
      "face_detected": true,
      "alarm_active": false,
      "blink_count": 0,
      "yawn_count": 0
    },
    {
      "frame_count": 111,
      "timestamp": 1768913555.969578,
      "fatigue_state": "Normal",
      "ear": 0.2670491459836792,
      "mar": 0.014841620535596851,
      "perclos": 0.0,
      "fps": 24.153315407880616,
      "recording": false,
      "face_detected": true,
      "alarm_active": false,
      "blink_count": 0,
      "yawn_count": 0
    },
    {
      "frame_count": 112,
      "timestamp": 1768913555.9986541,
      "fatigue_state": "Normal",
      "ear": 0.2670491459836792,
      "mar": 0.014841620535596851,
      "perclos": 0.0,
      "fps": 24.153315407880616,
      "recording": false,
      "face_detected": true,
      "alarm_active": false,
      "blink_count": 0,
      "yawn_count": 0
    },
    {
      "frame_count": 113,
      "timestamp": 1768913556.0272524,
      "fatigue_state": "Normal",
      "ear": 0.252257991510675,
      "mar": 0.008782410559962848,
      "perclos": 0.0,
      "fps": 24.153315407880616,
      "recording": false,
      "face_detected": true,
      "alarm_active": false,
      "blink_count": 0,
      "yawn_count": 0
    },
    {
      "frame_count": 114,
      "timestamp": 1768913556.0569296,
      "fatigue_state": "Normal",
      "ear": 0.252257991510675,
      "mar": 0.008782410559962848,
      "perclos": 0.0,
      "fps": 24.153315407880616,
      "recording": false,
      "face_detected": true,
      "alarm_active": false,
      "blink_count": 0,
      "yawn_count": 0
    },
    {
      "frame_count": 115,
      "timestamp": 1768913556.0878038,
      "fatigue_state": "Normal",
      "ear": 0.2641950281918166,
      "mar": 0.015224147030471338,
      "perclos": 0.0,
      "fps": 24.153315407880616,
      "recording": false,
      "face_detected": true,
      "alarm_active": false,
      "blink_count": 0,
      "yawn_count": 0
    },
    {
      "frame_count": 116,
      "timestamp": 1768913556.1454844,
      "fatigue_state": "Normal",
      "ear": 0.2628214508822664,
      "mar": 0.0074057023752773215,
      "perclos": 0.0,
      "fps": 24.153315407880616,
      "recording": false,
      "face_detected": true,
      "alarm_active": false,
      "blink_count": 0,
      "yawn_count": 0
    },
    {
      "frame_count": 117,
      "timestamp": 1768913556.1714845,
      "fatigue_state": "Normal",
      "ear": 0.2628214508822664,
      "mar": 0.0074057023752773215,
      "perclos": 0.0,
      "fps": 24.153315407880616,
      "recording": false,
      "face_detected": true,
      "alarm_active": false,
      "blink_count": 0,
      "yawn_count": 0
    },
    {
      "frame_count": 118,
      "timestamp": 1768913556.2098234,
      "fatigue_state": "Normal",
      "ear": 0.2521479994356456,
      "mar": 0.006135084725477022,
      "perclos": 0.0,
      "fps": 24.153315407880616,
      "recording": false,
      "face_detected": true,
      "alarm_active": false,
      "blink_count": 0,
      "yawn_count": 0
    },
    {
      "frame_count": 119,
      "timestamp": 1768913556.2382605,
      "fatigue_state": "Normal",
      "ear": 0.2521479994356456,
      "mar": 0.006135084725477022,
      "perclos": 0.0,
      "fps": 24.153315407880616,
      "recording": false,
      "face_detected": true,
      "alarm_active": false,
      "blink_count": 0,
      "yawn_count": 0
    },
    {
      "frame_count": 120,
      "timestamp": 1768913556.2707484,
      "fatigue_state": "Normal",
      "ear": 0.2823892669365123,
      "mar": 0.013120467437090402,
      "perclos": 0.0,
      "fps": 25.483960668189546,
      "recording": false,
      "face_detected": true,
      "alarm_active": false,
      "blink_count": 0,
      "yawn_count": 0
    },
    {
      "frame_count": 121,
      "timestamp": 1768913556.302192,
      "fatigue_state": "Normal",
      "ear": 0.2823892669365123,
      "mar": 0.013120467437090402,
      "perclos": 0.0,
      "fps": 25.483960668189546,
      "recording": false,
      "face_detected": true,
      "alarm_active": false,
      "blink_count": 0,
      "yawn_count": 0
    },
    {
      "frame_count": 122,
      "timestamp": 1768913556.331366,
      "fatigue_state": "Normal",
      "ear": 0.26547725652443693,
      "mar": 0.008956820168116357,
      "perclos": 0.0,
      "fps": 25.483960668189546,
      "recording": false,
      "face_detected": true,
      "alarm_active": false,
      "blink_count": 0,
      "yawn_count": 0
    },
    {
      "frame_count": 123,
      "timestamp": 1768913556.3869352,
      "fatigue_state": "Normal",
      "ear": 0.24223465098205174,
      "mar": 0.011003680806843606,
      "perclos": 0.0,
      "fps": 25.483960668189546,
      "recording": false,
      "face_detected": true,
      "alarm_active": false,
      "blink_count": 0,
      "yawn_count": 0
    },
    {
      "frame_count": 124,
      "timestamp": 1768913556.4145048,
      "fatigue_state": "Normal",
      "ear": 0.24223465098205174,
      "mar": 0.011003680806843606,
      "perclos": 0.0,
      "fps": 25.483960668189546,
      "recording": false,
      "face_detected": true,
      "alarm_active": false,
      "blink_count": 0,
      "yawn_count": 0
    },
    {
      "frame_count": 125,
      "timestamp": 1768913556.4503763,
      "fatigue_state": "Normal",
      "ear": 0.2368930029464686,
      "mar": 0.00624938967924761,
      "perclos": 0.0,
      "fps": 25.483960668189546,
      "recording": false,
      "face_detected": true,
      "alarm_active": false,
      "blink_count": 0,
      "yawn_count": 0
    },
    {
      "frame_count": 126,
      "timestamp": 1768913556.4780273,
      "fatigue_state": "Normal",
      "ear": 0.2368930029464686,
      "mar": 0.00624938967924761,
      "perclos": 0.0,
      "fps": 25.483960668189546,
      "recording": false,
      "face_detected": true,
      "alarm_active": false,
      "blink_count": 0,
      "yawn_count": 0
    },
    {
      "frame_count": 127,
      "timestamp": 1768913556.5080104,
      "fatigue_state": "Normal",
      "ear": 0.2517583832239118,
      "mar": 0.01589975725969864,
      "perclos": 0.0,
      "fps": 25.483960668189546,
      "recording": false,
      "face_detected": true,
      "alarm_active": false,
      "blink_count": 0,
      "yawn_count": 0
    },
    {
      "frame_count": 128,
      "timestamp": 1768913556.5351114,
      "fatigue_state": "Normal",
      "ear": 0.2517583832239118,
      "mar": 0.01589975725969864,
      "perclos": 0.0,
      "fps": 25.483960668189546,
      "recording": false,
      "face_detected": true,
      "alarm_active": false,
      "blink_count": 0,
      "yawn_count": 0
    },
    {
      "frame_count": 129,
      "timestamp": 1768913556.5648987,
      "fatigue_state": "Normal",
      "ear": 0.24531736227285222,
      "mar": 0.011709880746617128,
      "perclos": 0.0,
      "fps": 25.483960668189546,
      "recording": false,
      "face_detected": true,
      "alarm_active": false,
      "blink_count": 0,
      "yawn_count": 0
    },
    {
      "frame_count": 130,
      "timestamp": 1768913556.5985973,
      "fatigue_state": "Normal",
      "ear": 0.24531736227285222,
      "mar": 0.011709880746617128,
      "perclos": 0.0,
      "fps": 25.483960668189546,
      "recording": false,
      "face_detected": true,
      "alarm_active": false,
      "blink_count": 0,
      "yawn_count": 0
    },
    {
      "frame_count": 131,
      "timestamp": 1768913556.6275682,
      "fatigue_state": "Normal",
      "ear": 0.24914205524003363,
      "mar": 0.009729947642096885,
      "perclos": 0.0,
      "fps": 25.483960668189546,
      "recording": false,
      "face_detected": true,
      "alarm_active": false,
      "blink_count": 0,
      "yawn_count": 0
    },
    {
      "frame_count": 132,
      "timestamp": 1768913556.656378,
      "fatigue_state": "Normal",
      "ear": 0.24914205524003363,
      "mar": 0.009729947642096885,
      "perclos": 0.0,
      "fps": 25.483960668189546,
      "recording": false,
      "face_detected": true,
      "alarm_active": false,
      "blink_count": 0,
      "yawn_count": 0
    },
    {
      "frame_count": 133,
      "timestamp": 1768913556.6898649,
      "fatigue_state": "Normal",
      "ear": 0.2595314225818153,
      "mar": 0.01725008398922048,
      "perclos": 0.0,
      "fps": 25.483960668189546,
      "recording": false,
      "face_detected": true,
      "alarm_active": false,
      "blink_count": 0,
      "yawn_count": 0
    },
    {
      "frame_count": 134,
      "timestamp": 1768913556.7384214,
      "fatigue_state": "Normal",
      "ear": 0.2521283713064503,
      "mar": 0.011329286016236884,
      "perclos": 0.0,
      "fps": 25.483960668189546,
      "recording": false,
      "face_detected": true,
      "alarm_active": false,
      "blink_count": 0,
      "yawn_count": 0
    }
  ],
  "end_time": "2026-01-20T20:52:37.006528",
  "total_frames": 135,
  "statistics": {
    "normal_count": 0,
    "mild_count": 0,
    "severe_count": 0,
    "total_fatigue_frames": 0,
    "avg_fps": 21.940373871053552,
    "avg_ear": 0.26338236646891067,
    "avg_mar": 0.013190680174562293
  }
}