[
  {
    "video_name": "0.mp4",
    "final_fatigue_level": "重度疲劳",
    "processing_time": "2026-01-20T00:54:53.306140",
    "total_frames": 163,
    "processed_frames": 163,
    "fatigue_percentage": 0.0
  },
  {
    "video_name": "0.mp4",
    "final_fatigue_level": "重度疲劳",
    "processing_time": "2026-01-20T00:55:09.529624",
    "total_frames": 163,
    "processed_frames": 163,
    "fatigue_percentage": 0.0
  },
  {
    "video_name": "2.mp4",
    "final_fatigue_level": "重度疲劳",
    "processing_time": "2026-01-20T00:56:10.762798",
    "total_frames": 77,
    "processed_frames": 77,
    "fatigue_percentage": 0.0
  }
]